run,training_seed,updates,phase,size,depth,inference_seed,exact_path_accuracy,mutable_cell_accuracy,path_recall,off_path_recall,board_count,official_start_index,test_noise_sigma
20261007T104409022623Z_ee2e3824_s0,0,5000,published recipe,59,2000,20001,0.98828125,0.9999021807178631,1.0,0.999861075951321,256,,
20261007T104409022623Z_ee2e3824_s0,0,5000,published recipe,59,2000,20002,0.98046875,0.9977588515581525,0.9929397416871152,0.9997838959242771,256,,
20261007T104409022623Z_ee2e3824_s0,0,5000,published recipe,59,2000,20003,0.9765625,0.9998043614357263,1.0,0.999722151902642,256,,
20261007T104409022623Z_ee2e3824_s0,0,5000,published recipe,201,13000,20001,0.453125,0.9961540700524536,0.9847696143004858,0.999296283988506,64,,
20261007T104409022623Z_ee2e3824_s0,0,5000,published recipe,201,13000,20002,0.515625,0.9994155657140056,1.0,0.9992542565044862,64,,
20261007T104409022623Z_ee2e3824_s0,0,5000,published recipe,201,13000,20003,0.484375,0.9965784168341585,0.9868872080341081,0.9992532791211369,64,,
20261007T105026177670Z_31d139e7_s1,1,5000,published recipe,59,2000,20001,0.8828125,0.989646372426266,0.9683941402060038,0.9985768003013108,256,,
20261007T105026177670Z_31d139e7_s1,1,5000,published recipe,59,2000,20002,0.890625,0.9861792223149694,0.9576017162084723,0.9981878129650097,256,,
20261007T105026177670Z_31d139e7_s1,1,5000,published recipe,59,2000,20003,0.890625,0.9946786310517529,0.9863643710419208,0.9981723769596009,256,,
20261007T105026177670Z_31d139e7_s1,1,5000,published recipe,201,13000,20001,0.03125,0.9478819427422913,0.7816966245980821,0.9937506108645933,64,,
20261007T105026177670Z_31d139e7_s1,1,5000,published recipe,201,13000,20002,0.015625,0.914520932398647,0.6275797107607757,0.9937193345974158,64,,
20261007T105026177670Z_31d139e7_s1,1,5000,published recipe,201,13000,20003,0.0,0.9266171135839992,0.6834976416096545,0.993720311980765,64,,
20261007T105355765423Z_9d260402_s2,2,5000,published recipe,59,2000,20001,0.8125,0.9864509425431275,0.9986481919567421,0.9813255206564624,256,0,0.0
20261007T105355765423Z_9d260402_s2,2,5000,published recipe,59,2000,20002,0.8359375,0.9882290797161937,1.0,0.9832828061422952,256,0,0.0
20261007T105355765423Z_9d260402_s2,2,5000,published recipe,59,2000,20003,0.80859375,0.985887938230384,0.9927119914189576,0.983020394050346,256,0,0.0
20261007T105355765423Z_9d260402_s2,2,5000,published recipe,201,13000,20001,0.09375,0.9392111745673808,0.9999964588733552,0.92243388001642,64,0,0.0
20261007T105355765423Z_9d260402_s2,2,5000,published recipe,201,13000,20002,0.09375,0.9382054573753615,1.0,0.9211495982954434,64,0,0.0
20261007T105355765423Z_9d260402_s2,2,5000,published recipe,201,13000,20003,0.0625,0.9375689372028041,0.9999964588733552,0.9203383701155267,64,0,0.0
20261007T105829309282Z_105065db_s0,0,10000,confirmation after extra training,59,2000,20001,0.984375,0.9929744017807457,0.9744937418122701,1.0,256,256,0.0
20261007T105829309282Z_105065db_s0,0,10000,confirmation after extra training,59,2000,20002,0.99609375,0.9988370374234836,0.9957778935239989,1.0,256,256,0.0
20261007T105829309282Z_105065db_s0,0,10000,confirmation after extra training,59,2000,20003,0.98828125,0.9946503721480244,0.9805783102103951,1.0,256,256,0.0
20261007T105829309282Z_105065db_s0,0,10000,confirmation after extra training,201,13000,20001,0.734375,0.92578067552331,0.6931184757271713,1.0,64,64,0.0
20261007T105829309282Z_105065db_s0,0,10000,confirmation after extra training,201,13000,20002,0.59375,0.8845631219667631,0.522692434377217,1.0,64,64,0.0
20261007T105829309282Z_105065db_s0,0,10000,confirmation after extra training,201,13000,20003,0.671875,0.9083418611206432,0.6210125924799837,1.0,64,64,0.0
